Dismissals,Catches,Stumped,Catches_as_wk,Catches_as_fielder,Inninng,Ground,Start Date,Format,Opponent,Match_number
0,0,0,0,0,2,Chattogram,23 Dec 2004,ODI,Bangladesh,2199
1,1,0,1,0,1,Dhaka,26 Dec 2004,ODI,Bangladesh,2201
5,3,2,3,0,2,Dhaka,27 Dec 2004,ODI,Bangladesh,2202
0,0,0,0,0,2,Kochi,2 Apr 2005,ODI,Pakistan,2235
2,2,0,2,0,2,Visakhapatnam,5 Apr 2005,ODI,Pakistan,2236
1,0,1,0,0,1,Jamshedpur,9 Apr 2005,ODI,Pakistan,2237
0,0,0,0,0,2,Ahmedabad,12 Apr 2005,ODI,Pakistan,2238
0,0,0,0,0,2,Kanpur,15 Apr 2005,ODI,Pakistan,2239
2,2,0,2,0,1,Delhi,17 Apr 2005,ODI,Pakistan,2240
1,1,0,1,0,2,Dambulla,30 Jul 2005,ODI,Sri Lanka,2262
1,1,0,1,0,1,Dambulla,31 Jul 2005,ODI,West Indies,2263
3,3,0,3,0,2,Dambulla,3 Aug 2005,ODI,Sri Lanka,2265
0,0,0,0,0,2,Colombo (RPS),7 Aug 2005,ODI,West Indies,2267
0,0,0,0,0,1,Colombo (RPS),9 Aug 2005,ODI,Sri Lanka,2268
1,1,0,1,0,1,Bulawayo,26 Aug 2005,ODI,New Zealand,2273
0,0,0,0,0,2,Harare,29 Aug 2005,ODI,Zimbabwe,2274
1,1,0,1,0,1,Harare,2 Sep 2005,ODI,New Zealand,2278
1,0,1,0,0,1,Harare,4 Sep 2005,ODI,Zimbabwe,2280
2,1,1,1,0,2,Harare,6 Sep 2005,ODI,New Zealand,2281
2,0,2,0,0,2,Nagpur,25 Oct 2005,ODI,Sri Lanka,2286
1,1,0,1,0,1,Mohali,28 Oct 2005,ODI,Sri Lanka,2287
1,1,0,1,0,1,Jaipur,31 Oct 2005,ODI,Sri Lanka,2290
1,1,0,1,0,1,Pune,3 Nov 2005,ODI,Sri Lanka,2291
0,0,0,0,0,2,Ahmedabad,6 Nov 2005,ODI,Sri Lanka,2294
3,2,1,2,0,1,Rajkot,9 Nov 2005,ODI,Sri Lanka,2295
1,1,0,1,0,1,Vadodara,12 Nov 2005,ODI,Sri Lanka,2296
0,0,0,0,0,2,Hyderabad,16 Nov 2005,ODI,South Africa,2297
1,1,0,1,0,1,Bengaluru,19 Nov 2005,ODI,South Africa,2298
0,0,0,0,0,2,Eden Gardens,25 Nov 2005,ODI,South Africa,2299
0,0,0,0,0,1,Wankhede,28 Nov 2005,ODI,South Africa,2300
1,1,0,1,0,2,Chennai,2 Dec 2005,Test,Sri Lanka,1775
0,0,0,0,0,2,Delhi,10 Dec 2005,Test,Sri Lanka,1776
2,2,0,2,0,4,Delhi,10 Dec 2005,Test,Sri Lanka,1776
2,1,1,1,0,2,Ahmedabad,18 Dec 2005,Test,Sri Lanka,1778
1,1,0,1,0,4,Ahmedabad,18 Dec 2005,Test,Sri Lanka,1778
1,0,1,0,0,1,Lahore,13 Jan 2006,Test,Pakistan,1781
4,4,0,4,0,1,Faisalabad,21 Jan 2006,Test,Pakistan,1782
1,1,0,1,0,3,Faisalabad,21 Jan 2006,Test,Pakistan,1782
2,2,0,2,0,1,Karachi,29 Jan 2006,Test,Pakistan,1783
0,0,0,0,0,3,Karachi,29 Jan 2006,Test,Pakistan,1783
1,1,0,1,0,2,Peshawar,6 Feb 2006,ODI,Pakistan,2324
1,1,0,1,0,1,Rawalpindi,11 Feb 2006,ODI,Pakistan,2327
3,3,0,3,0,1,Lahore,13 Feb 2006,ODI,Pakistan,2329
3,3,0,3,0,1,Multan,16 Feb 2006,ODI,Pakistan,2331
0,0,0,0,0,1,Karachi,19 Feb 2006,ODI,Pakistan,2333
2,1,1,1,0,1,Nagpur,1 Mar 2006,Test,England,1785
2,2,0,2,0,3,Nagpur,1 Mar 2006,Test,England,1785
2,2,0,2,0,1,Mohali,9 Mar 2006,Test,England,1788
4,3,1,3,0,3,Mohali,9 Mar 2006,Test,England,1788
3,3,0,3,0,1,Wankhede,18 Mar 2006,Test,England,1791
3,2,1,2,0,3,Wankhede,18 Mar 2006,Test,England,1791
2,2,0,2,0,2,Delhi,28 Mar 2006,ODI,England,2357
2,1,1,1,0,1,Faridabad,31 Mar 2006,ODI,England,2358
1,1,0,1,0,2,Margao,3 Apr 2006,ODI,England,2359
1,1,0,1,0,1,Kochi,6 Apr 2006,ODI,England,2360
1,1,0,1,0,2,Jamshedpur,12 Apr 2006,ODI,England,2361
1,1,0,1,0,2,Abu Dhabi,18 Apr 2006,ODI,Pakistan,2363
1,1,0,1,0,2,Abu Dhabi,19 Apr 2006,ODI,Pakistan,2364
1,1,0,1,0,1,Kingston,18 May 2006,ODI,West Indies,2377
3,3,0,3,0,1,Kingston,20 May 2006,ODI,West Indies,2379
1,1,0,1,0,2,Basseterre,23 May 2006,ODI,West Indies,2380
0,0,0,0,0,2,Port of Spain,26 May 2006,ODI,West Indies,2381
0,0,0,0,0,1,Port of Spain,28 May 2006,ODI,West Indies,2382
4,3,1,3,0,2,St John's,2 Jun 2006,Test,West Indies,1805
2,2,0,2,0,4,St John's,2 Jun 2006,Test,West Indies,1805
2,2,0,2,0,2,Gros Islet,10 Jun 2006,Test,West Indies,1806
2,2,0,2,0,3,Gros Islet,10 Jun 2006,Test,West Indies,1806
1,1,0,1,0,1,Basseterre,22 Jun 2006,Test,West Indies,1807
3,1,2,1,0,3,Basseterre,22 Jun 2006,Test,West Indies,1807
2,1,1,1,0,2,Kingston,30 Jun 2006,Test,West Indies,1808
1,1,0,1,0,4,Kingston,30 Jun 2006,Test,West Indies,1808
TDNF,-,-,-,-,-,Colombo (SSC),18 Aug 2006,ODI,Sri Lanka,2405
1,1,0,1,0,2,Kuala Lumpur,14 Sep 2006,ODI,West Indies,2414
3,3,0,3,0,1,Kuala Lumpur,16 Sep 2006,ODI,Australia,2416
3,2,1,2,0,2,Kuala Lumpur,20 Sep 2006,ODI,West Indies,2419
1,1,0,1,0,1,Kuala Lumpur,22 Sep 2006,ODI,Australia,2421
1,1,0,1,0,1,Jaipur,15 Oct 2006,ODI,England,2429
0,0,0,0,0,2,Ahmedabad,26 Oct 2006,ODI,West Indies,2437
0,0,0,0,0,2,Mohali,29 Oct 2006,ODI,Australia,2440
3,2,1,2,0,1,Durban,22 Nov 2006,ODI,South Africa,2447
1,1,0,1,0,1,Cape Town,26 Nov 2006,ODI,South Africa,2449
1,1,0,1,0,1,Gqeberha,29 Nov 2006,ODI,South Africa,2452
1,1,0,1,0,1,Johannesburg,1 Dec 2006,T20I,South Africa,10
0,0,0,0,0,2,Centurion,3 Dec 2006,ODI,South Africa,2458
1,1,0,1,0,2,Johannesburg,15 Dec 2006,Test,South Africa,1823
1,1,0,1,0,4,Johannesburg,15 Dec 2006,Test,South Africa,1823
1,1,0,1,0,1,Durban,26 Dec 2006,Test,South Africa,1825
0,0,0,0,0,3,Durban,26 Dec 2006,Test,South Africa,1825
2,1,1,1,0,2,Nagpur,21 Jan 2007,ODI,West Indies,2480
0,0,0,0,0,2,Cuttack,24 Jan 2007,ODI,West Indies,2485
0,0,0,0,0,2,Vadodara,31 Jan 2007,ODI,West Indies,2493
1,1,0,1,0,1,Eden Gardens,8 Feb 2007,ODI,Sri Lanka,2514
2,2,0,2,0,1,Rajkot,11 Feb 2007,ODI,Sri Lanka,2520
1,1,0,1,0,1,Margao,14 Feb 2007,ODI,Sri Lanka,2522
0,0,0,0,0,1,Visakhapatnam,17 Feb 2007,ODI,Sri Lanka,2525
3,1,2,1,0,2,Port of Spain,17 Mar 2007,ODI,Bangladesh,2538
1,1,0,1,0,2,Port of Spain,19 Mar 2007,ODI,Bermuda,2542
3,3,0,3,0,1,Port of Spain,23 Mar 2007,ODI,Sri Lanka,2550
1,0,1,0,0,1,Mirpur,10 May 2007,ODI,Bangladesh,2582
2,1,1,1,0,2,Mirpur,12 May 2007,ODI,Bangladesh,2583
1,0,1,0,0,2,Chattogram,18 May 2007,Test,Bangladesh,1832
1,1,0,1,0,4,Chattogram,18 May 2007,Test,Bangladesh,1832
2,2,0,2,0,2,Mirpur,25 May 2007,Test,Bangladesh,1833
3,3,0,3,0,3,Mirpur,25 May 2007,Test,Bangladesh,1833
1,1,0,1,0,2,Bengaluru,6 Jun 2007,ODI,Africa XI,2587
2,2,0,2,0,2,Chennai,9 Jun 2007,ODI,Africa XI,2588
3,0,3,0,0,2,Chennai,10 Jun 2007,ODI,Africa XI,2589
1,1,0,1,0,1,Belfast,29 Jun 2007,ODI,South Africa,2593
1,1,0,1,0,1,Belfast,1 Jul 2007,ODI,South Africa,2595
2,2,0,2,0,1,Lord's,19 Jul 2007,Test,England,1840
1,1,0,1,0,3,Lord's,19 Jul 2007,Test,England,1840
0,0,0,0,0,1,Nottingham,27 Jul 2007,Test,England,1841
1,1,0,1,0,3,Nottingham,27 Jul 2007,Test,England,1841
1,1,0,1,0,2,The Oval,9 Aug 2007,Test,England,1842
1,1,0,1,0,4,The Oval,9 Aug 2007,Test,England,1842
2,2,0,2,0,1,Glasgow,16 Aug 2007,ODI,Scotland,2608
0,0,0,0,0,1,Southampton,21 Aug 2007,ODI,England,2611
1,1,0,1,0,2,Bristol,24 Aug 2007,ODI,England,2613
1,0,1,0,0,1,Birmingham,27 Aug 2007,ODI,England,2616
0,0,0,0,0,2,Manchester,30 Aug 2007,ODI,England,2617
6,5,1,5,0,2,Leeds,2 Sep 2007,ODI,England,2618
1,1,0,1,0,1,The Oval,5 Sep 2007,ODI,England,2619
1,1,0,1,0,2,Lord's,8 Sep 2007,ODI,England,2620
TDNF,-,-,-,-,-,Durban,13 Sep 2007,T20I,Scotland,26
1,1,0,1,0,2,Durban,14 Sep 2007,T20I,Pakistan,29
0,0,0,0,0,1,Johannesburg,16 Sep 2007,T20I,New Zealand,32
0,0,0,0,0,2,Durban,19 Sep 2007,T20I,England,40
0,0,0,0,0,2,Durban,20 Sep 2007,T20I,South Africa,43
0,0,0,0,0,2,Durban,22 Sep 2007,T20I,Australia,45
0,0,0,0,0,2,Johannesburg,24 Sep 2007,T20I,Pakistan,46
1,0,1,0,0,1,Bengaluru,29 Sep 2007,ODI,Australia,2621
2,1,1,1,0,1,Kochi,2 Oct 2007,ODI,Australia,2623
1,1,0,1,0,1,Hyderabad,5 Oct 2007,ODI,Australia,2625
2,0,2,0,0,2,Chandigarh,8 Oct 2007,ODI,Australia,2627
0,0,0,0,0,2,Vadodara,11 Oct 2007,ODI,Australia,2629
1,1,0,1,0,1,Nagpur,14 Oct 2007,ODI,Australia,2631
1,1,0,1,0,1,Wankhede,17 Oct 2007,ODI,Australia,2632
0,0,0,0,0,1,Brabourne,20 Oct 2007,T20I,Australia,47
1,0,1,0,0,1,Guwahati,5 Nov 2007,ODI,Pakistan,2643
1,0,1,0,0,2,Mohali,8 Nov 2007,ODI,Pakistan,2644
0,0,0,0,0,2,Kanpur,11 Nov 2007,ODI,Pakistan,2645
0,0,0,0,0,1,Gwalior,15 Nov 2007,ODI,Pakistan,2646
3,1,2,1,0,1,Jaipur,18 Nov 2007,ODI,Pakistan,2647
1,1,0,1,0,1,Delhi,22 Nov 2007,Test,Pakistan,1849
0,0,0,0,0,3,Delhi,22 Nov 2007,Test,Pakistan,1849
1,1,0,1,0,2,Eden Gardens,30 Nov 2007,Test,Pakistan,1850
0,0,0,0,0,4,Eden Gardens,30 Nov 2007,Test,Pakistan,1850
1,0,1,0,0,1,Melbourne,26 Dec 2007,Test,Australia,1855
1,0,1,0,0,3,Melbourne,26 Dec 2007,Test,Australia,1855
1,1,0,1,0,1,Sydney,2 Jan 2008,Test,Australia,1857
1,1,0,1,0,3,Sydney,2 Jan 2008,Test,Australia,1857
5,5,0,5,0,2,Perth,16 Jan 2008,Test,Australia,1862
3,2,1,2,0,4,Perth,16 Jan 2008,Test,Australia,1862
1,1,0,1,0,2,Adelaide,24 Jan 2008,Test,Australia,1863
0,0,0,0,0,2,Melbourne,1 Feb 2008,T20I,Australia,52
1,1,0,1,0,2,Brisbane,3 Feb 2008,ODI,Australia,2670
TDNF,-,-,-,-,-,Brisbane,5 Feb 2008,ODI,Sri Lanka,2672
5,4,1,4,0,1,Melbourne,10 Feb 2008,ODI,Australia,2675
1,1,0,1,0,2,Canberra,12 Feb 2008,ODI,Sri Lanka,2676
4,3,1,3,0,1,Adelaide,17 Feb 2008,ODI,Australia,2680
1,1,0,1,0,1,Adelaide,19 Feb 2008,ODI,Sri Lanka,2681
1,1,0,1,0,1,Sydney,24 Feb 2008,ODI,Australia,2685
3,3,0,3,0,1,Hobart,26 Feb 2008,ODI,Sri Lanka,2686
2,2,0,2,0,1,Sydney,2 Mar 2008,ODI,Australia,2688
3,3,0,3,0,2,Brisbane,4 Mar 2008,ODI,Australia,2689
2,2,0,2,0,1,Chennai,26 Mar 2008,Test,South Africa,1870
0,0,0,0,0,3,Chennai,26 Mar 2008,Test,South Africa,1870
0,0,0,0,0,2,Ahmedabad,3 Apr 2008,Test,South Africa,1871
1,0,1,0,0,1,Kanpur,11 Apr 2008,Test,South Africa,1873
1,1,0,1,0,3,Kanpur,11 Apr 2008,Test,South Africa,1873
3,2,1,2,0,2,Mirpur,10 Jun 2008,ODI,Pakistan,2705
1,1,0,1,0,1,Mirpur,12 Jun 2008,ODI,Bangladesh,2706
1,1,0,1,0,1,Mirpur,14 Jun 2008,ODI,Pakistan,2707
4,1,3,1,0,2,Karachi,25 Jun 2008,ODI,Hong Kong,2716
1,1,0,1,0,1,Karachi,26 Jun 2008,ODI,Pakistan,2717
2,2,0,2,0,1,Karachi,28 Jun 2008,ODI,Bangladesh,2721
0,0,0,0,0,2,Karachi,2 Jul 2008,ODI,Pakistan,2730
2,2,0,2,0,1,Karachi,3 Jul 2008,ODI,Sri Lanka,2732
2,2,0,2,0,1,Karachi,6 Jul 2008,ODI,Sri Lanka,2735
0,0,0,0,0,2,Dambulla,18 Aug 2008,ODI,Sri Lanka,2742
1,1,0,1,0,1,Dambulla,20 Aug 2008,ODI,Sri Lanka,2745
2,2,0,2,0,2,Colombo (RPS),24 Aug 2008,ODI,Sri Lanka,2750
1,0,1,0,0,2,Colombo (RPS),27 Aug 2008,ODI,Sri Lanka,2755
0,0,0,0,0,1,Colombo (RPS),29 Aug 2008,ODI,Sri Lanka,2756
2,2,0,2,0,1,Bengaluru,9 Oct 2008,Test,Australia,1887
0,0,0,0,0,3,Bengaluru,9 Oct 2008,Test,Australia,1887
2,1,1,1,0,2,Mohali,17 Oct 2008,Test,Australia,1889
1,1,0,1,0,4,Mohali,17 Oct 2008,Test,Australia,1889
1,0,1,0,0,2,Delhi,29 Oct 2008,Test,Australia,1891
0,0,0,0,0,4,Delhi,29 Oct 2008,Test,Australia,1891
1,1,0,1,0,2,Nagpur,6 Nov 2008,Test,Australia,1892
4,3,1,3,0,4,Nagpur,6 Nov 2008,Test,Australia,1892
3,2,1,2,0,2,Rajkot,14 Nov 2008,ODI,England,2774
1,0,1,0,0,2,Indore,17 Nov 2008,ODI,England,2777
4,2,2,2,0,1,Kanpur,20 Nov 2008,ODI,England,2778
0,0,0,0,0,2,Bengaluru,23 Nov 2008,ODI,England,2781
0,0,0,0,0,1,Cuttack,26 Nov 2008,ODI,England,2783
1,1,0,1,0,1,Chennai,11 Dec 2008,Test,England,1898
2,2,0,2,0,3,Chennai,11 Dec 2008,Test,England,1898
2,2,0,2,0,2,Mohali,19 Dec 2008,Test,England,1901
0,0,0,0,0,4,Mohali,19 Dec 2008,Test,England,1901
0,0,0,0,0,1,Dambulla,28 Jan 2009,ODI,Sri Lanka,2806
1,1,0,1,0,2,Colombo (RPS),31 Jan 2009,ODI,Sri Lanka,2810
1,1,0,1,0,2,Colombo (RPS),3 Feb 2009,ODI,Sri Lanka,2813
2,2,0,2,0,2,Colombo (RPS),5 Feb 2009,ODI,Sri Lanka,2815
1,1,0,1,0,1,Colombo (RPS),8 Feb 2009,ODI,Sri Lanka,2818
0,0,0,0,0,1,Colombo (RPS),10 Feb 2009,T20I,Sri Lanka,82
0,0,0,0,0,2,Christchurch,25 Feb 2009,T20I,New Zealand,84
1,1,0,1,0,2,Wellington,27 Feb 2009,T20I,New Zealand,85
2,1,1,1,0,2,Napier,3 Mar 2009,ODI,New Zealand,2821
TDNF,-,-,-,-,-,Wellington,6 Mar 2009,ODI,New Zealand,2822
0,0,0,0,0,2,Christchurch,8 Mar 2009,ODI,New Zealand,2823
1,1,0,1,0,1,Hamilton,11 Mar 2009,ODI,New Zealand,2824
0,0,0,0,0,2,Auckland,14 Mar 2009,ODI,New Zealand,2825
4,3,1,3,0,1,Hamilton,18 Mar 2009,Test,New Zealand,1915
1,1,0,1,0,3,Hamilton,18 Mar 2009,Test,New Zealand,1915
6,6,0,6,0,2,Wellington,3 Apr 2009,Test,New Zealand,1918
1,1,0,1,0,4,Wellington,3 Apr 2009,Test,New Zealand,1918
2,1,1,1,0,2,Nottingham,6 Jun 2009,T20I,Bangladesh,93
1,1,0,1,0,1,Nottingham,10 Jun 2009,T20I,Ireland,101
0,0,0,0,0,2,Lord's,12 Jun 2009,T20I,West Indies,105
0,0,0,0,0,1,Lord's,14 Jun 2009,T20I,England,109
1,0,1,0,0,1,Nottingham,16 Jun 2009,T20I,South Africa,113
1,1,0,1,0,2,Kingston,26 Jun 2009,ODI,West Indies,2852
1,0,1,0,0,2,Kingston,28 Jun 2009,ODI,West Indies,2853
3,2,1,2,0,1,Gros Islet,3 Jul 2009,ODI,West Indies,2854
1,1,0,1,0,1,Gros Islet,5 Jul 2009,ODI,West Indies,2855
2,2,0,2,0,1,Colombo (RPS),11 Sep 2009,ODI,New Zealand,2886
3,1,2,1,0,1,Colombo (RPS),12 Sep 2009,ODI,Sri Lanka,2887
2,1,1,1,0,2,Colombo (RPS),14 Sep 2009,ODI,Sri Lanka,2889
3,3,0,3,0,1,Centurion,26 Sep 2009,ODI,Pakistan,2898
0,0,0,0,0,1,Centurion,28 Sep 2009,ODI,Australia,2901
2,2,0,2,0,1,Johannesburg,30 Sep 2009,ODI,West Indies,2904
1,1,0,1,0,1,Vadodara,25 Oct 2009,ODI,Australia,2913
2,1,1,1,0,2,Nagpur,28 Oct 2009,ODI,Australia,2915
2,1,1,1,0,1,Delhi,31 Oct 2009,ODI,Australia,2918
2,1,1,1,0,1,Mohali,2 Nov 2009,ODI,Australia,2919
0,0,0,0,0,1,Hyderabad,5 Nov 2009,ODI,Australia,2923
0,0,0,0,0,2,Guwahati,8 Nov 2009,ODI,Australia,2925
1,1,0,1,0,2,Ahmedabad,16 Nov 2009,Test,Sri Lanka,1933
2,2,0,2,0,2,Kanpur,24 Nov 2009,Test,Sri Lanka,1935
1,1,0,1,0,3,Kanpur,24 Nov 2009,Test,Sri Lanka,1935
2,2,0,2,0,1,Brabourne,2 Dec 2009,Test,Sri Lanka,1937
4,4,0,4,0,3,Brabourne,2 Dec 2009,Test,Sri Lanka,1937
0,0,0,0,0,1,Nagpur,9 Dec 2009,T20I,Sri Lanka,126
0,0,0,0,0,1,Mohali,12 Dec 2009,T20I,Sri Lanka,127
2,0,2,0,0,2,Rajkot,15 Dec 2009,ODI,Sri Lanka,2932
1,1,0,1,0,2,Nagpur,18 Dec 2009,ODI,Sri Lanka,2933
1,1,0,1,0,1,Delhi,27 Dec 2009,ODI,Sri Lanka,2936
0,0,0,0,0,2,Mirpur,5 Jan 2010,ODI,Sri Lanka,2938
0,0,0,0,0,1,Mirpur,7 Jan 2010,ODI,Bangladesh,2939
1,0,1,0,0,1,Mirpur,10 Jan 2010,ODI,Sri Lanka,2941
1,1,0,1,0,1,Mirpur,11 Jan 2010,ODI,Bangladesh,2942
1,1,0,1,0,2,Mirpur,13 Jan 2010,ODI,Sri Lanka,2943
5,3,2,3,0,1,Mirpur,24 Jan 2010,Test,Bangladesh,1950
3,3,0,3,0,3,Mirpur,24 Jan 2010,Test,Bangladesh,1950
1,1,0,1,0,1,Nagpur,6 Feb 2010,Test,South Africa,1951
3,3,0,3,0,1,Eden Gardens,14 Feb 2010,Test,South Africa,1952
1,1,0,1,0,3,Eden Gardens,14 Feb 2010,Test,South Africa,1952
1,1,0,1,0,2,Jaipur,21 Feb 2010,ODI,South Africa,2961
0,0,0,0,0,2,Gwalior,24 Feb 2010,ODI,South Africa,2962
0,0,0,0,0,1,Ahmedabad,27 Feb 2010,ODI,South Africa,2963
4,4,0,4,0,1,Gros Islet,1 May 2010,T20I,Afghanistan,153
0,0,0,0,0,2,Gros Islet,2 May 2010,T20I,South Africa,155
2,1,1,1,0,1,Bridgetown,7 May 2010,T20I,Australia,165
1,1,0,1,0,1,Bridgetown,9 May 2010,T20I,West Indies,169
0,0,0,0,0,2,Gros Islet,11 May 2010,T20I,Sri Lanka,173
3,3,0,3,0,1,Dambulla,16 Jun 2010,ODI,Bangladesh,2993
2,2,0,2,0,1,Dambulla,19 Jun 2010,ODI,Pakistan,2996
1,1,0,1,0,2,Dambulla,22 Jun 2010,ODI,Sri Lanka,2999
5,4,1,4,0,2,Dambulla,24 Jun 2010,ODI,Sri Lanka,3001
2,2,0,2,0,1,Galle,18 Jul 2010,Test,Sri Lanka,1964
0,0,0,0,0,4,Galle,18 Jul 2010,Test,Sri Lanka,1964
0,0,0,0,0,1,Colombo (SSC),26 Jul 2010,Test,Sri Lanka,1966
0,0,0,0,0,3,Colombo (SSC),26 Jul 2010,Test,Sri Lanka,1966
2,2,0,2,0,1,Colombo (PSS),3 Aug 2010,Test,Sri Lanka,1968
2,2,0,2,0,3,Colombo (PSS),3 Aug 2010,Test,Sri Lanka,1968
3,2,1,2,0,1,Dambulla,10 Aug 2010,ODI,New Zealand,3030
2,1,1,1,0,1,Dambulla,16 Aug 2010,ODI,Sri Lanka,3032
0,0,0,0,0,2,Dambulla,22 Aug 2010,ODI,Sri Lanka,3038
1,1,0,1,0,2,Dambulla,25 Aug 2010,ODI,New Zealand,3039
2,2,0,2,0,1,Dambulla,28 Aug 2010,ODI,Sri Lanka,3040
1,1,0,1,0,1,Mohali,1 Oct 2010,Test,Australia,1972
3,3,0,3,0,3,Mohali,1 Oct 2010,Test,Australia,1972
3,1,2,1,0,1,Bengaluru,9 Oct 2010,Test,Australia,1973
4,3,1,3,0,3,Bengaluru,9 Oct 2010,Test,Australia,1973
0,0,0,0,0,1,Visakhapatnam,20 Oct 2010,ODI,Australia,3060
3,2,1,2,0,2,Ahmedabad,4 Nov 2010,Test,New Zealand,1974
0,0,0,0,0,4,Ahmedabad,4 Nov 2010,Test,New Zealand,1974
3,2,1,2,0,1,Hyderabad,12 Nov 2010,Test,New Zealand,1975
2,2,0,2,0,3,Hyderabad,12 Nov 2010,Test,New Zealand,1975
2,2,0,2,0,1,Nagpur,20 Nov 2010,Test,New Zealand,1978
0,0,0,0,0,3,Nagpur,20 Nov 2010,Test,New Zealand,1978
3,3,0,3,0,2,Centurion,16 Dec 2010,Test,South Africa,1985
2,2,0,2,0,2,Durban,26 Dec 2010,Test,South Africa,1987
3,3,0,3,0,4,Durban,26 Dec 2010,Test,South Africa,1987
5,5,0,5,0,1,Cape Town,2 Jan 2011,Test,South Africa,1988
0,0,0,0,0,3,Cape Town,2 Jan 2011,Test,South Africa,1988
0,0,0,0,0,2,Durban,9 Jan 2011,T20I,South Africa,196
0,0,0,0,0,1,Durban,12 Jan 2011,ODI,South Africa,3079
2,2,0,2,0,2,Johannesburg,15 Jan 2011,ODI,South Africa,3080
0,0,0,0,0,1,Cape Town,18 Jan 2011,ODI,South Africa,3082
2,1,1,1,0,1,Gqeberha,21 Jan 2011,ODI,South Africa,3084
2,1,1,1,0,1,Centurion,23 Jan 2011,ODI,South Africa,3087
1,0,1,0,0,2,Mirpur,19 Feb 2011,ODI,Bangladesh,3100
0,0,0,0,0,2,Bengaluru,27 Feb 2011,ODI,England,3110
3,3,0,3,0,1,Bengaluru,6 Mar 2011,ODI,Ireland,3121
1,1,0,1,0,1,Delhi,9 Mar 2011,ODI,Netherlands,3124
2,1,1,1,0,2,Nagpur,12 Mar 2011,ODI,South Africa,3128
1,0,1,0,0,2,Chennai,20 Mar 2011,ODI,West Indies,3141
0,0,0,0,0,1,Ahmedabad,24 Mar 2011,ODI,Australia,3143
1,1,0,1,0,2,Mohali,30 Mar 2011,ODI,Pakistan,3147
1,1,0,1,0,1,Wankhede,2 Apr 2011,ODI,Sri Lanka,3148
3,3,0,3,0,2,Kingston,20 Jun 2011,Test,West Indies,1997
1,1,0,1,0,4,Kingston,20 Jun 2011,Test,West Indies,1997
3,3,0,3,0,2,Bridgetown,28 Jun 2011,Test,West Indies,1998
1,1,0,1,0,4,Bridgetown,28 Jun 2011,Test,West Indies,1998
3,3,0,3,0,1,Roseau,6 Jul 2011,Test,West Indies,1999
1,1,0,1,0,3,Roseau,6 Jul 2011,Test,West Indies,1999
3,3,0,3,0,1,Lord's,21 Jul 2011,Test,England,2000
3,3,0,3,0,3,Lord's,21 Jul 2011,Test,England,2000
1,1,0,1,0,1,Nottingham,29 Jul 2011,Test,England,2001
4,4,0,4,0,3,Nottingham,29 Jul 2011,Test,England,2001
0,0,0,0,0,2,Birmingham,10 Aug 2011,Test,England,2003
2,2,0,2,0,1,The Oval,18 Aug 2011,Test,England,2004
1,0,1,0,0,2,Manchester,31 Aug 2011,T20I,England,204
0,0,0,0,0,2,Chester-le-Street,3 Sep 2011,ODI,England,3186
0,0,0,0,0,2,Southampton,6 Sep 2011,ODI,England,3187
0,0,0,0,0,2,The Oval,9 Sep 2011,ODI,England,3189
0,0,0,0,0,2,Lord's,11 Sep 2011,ODI,England,3191
0,0,0,0,0,2,Cardiff,16 Sep 2011,ODI,England,3195
2,1,1,1,0,2,Hyderabad,14 Oct 2011,ODI,England,3199
2,2,0,2,0,1,Delhi,17 Oct 2011,ODI,England,3201
0,0,0,0,0,1,Mohali,20 Oct 2011,ODI,England,3205
0,0,0,0,0,1,Wankhede,23 Oct 2011,ODI,England,3207
3,3,0,3,0,2,Eden Gardens,25 Oct 2011,ODI,England,3210
0,0,0,0,0,2,Eden Gardens,29 Oct 2011,T20I,England,214
2,1,1,1,0,1,Delhi,6 Nov 2011,Test,West Indies,2015
2,2,0,2,0,3,Delhi,6 Nov 2011,Test,West Indies,2015
1,1,0,1,0,2,Eden Gardens,14 Nov 2011,Test,West Indies,2017
1,1,0,1,0,3,Eden Gardens,14 Nov 2011,Test,West Indies,2017
5,5,0,5,0,1,Wankhede,22 Nov 2011,Test,West Indies,2019
3,1,2,1,0,3,Wankhede,22 Nov 2011,Test,West Indies,2019
4,4,0,4,0,1,Melbourne,26 Dec 2011,Test,Australia,2025
2,2,0,2,0,3,Melbourne,26 Dec 2011,Test,Australia,2025
0,0,0,0,0,2,Sydney,3 Jan 2012,Test,Australia,2027
2,2,0,2,0,2,Perth,13 Jan 2012,Test,Australia,2029
0,0,0,0,0,1,Sydney,1 Feb 2012,T20I,Australia,217
3,2,1,2,0,1,Melbourne,3 Feb 2012,T20I,Australia,218
0,0,0,0,0,1,Melbourne,5 Feb 2012,ODI,Australia,3231
3,1,2,1,0,1,Perth,8 Feb 2012,ODI,Sri Lanka,3233
0,0,0,0,0,1,Adelaide,12 Feb 2012,ODI,Australia,3237
2,2,0,2,0,1,Adelaide,14 Feb 2012,ODI,Sri Lanka,3239
0,0,0,0,0,1,Brisbane,19 Feb 2012,ODI,Australia,3244
3,2,1,2,0,1,Sydney,26 Feb 2012,ODI,Australia,3250
0,0,0,0,0,1,Hobart,28 Feb 2012,ODI,Sri Lanka,3251
1,1,0,1,0,2,Mirpur,13 Mar 2012,ODI,Sri Lanka,3259
1,0,1,0,0,2,Mirpur,16 Mar 2012,ODI,Bangladesh,3261
0,0,0,0,0,1,Mirpur,18 Mar 2012,ODI,Pakistan,3263
0,0,0,0,0,1,Johannesburg,30 Mar 2012,T20I,South Africa,242
1,1,0,1,0,2,Hambantota,21 Jul 2012,ODI,Sri Lanka,3291
1,1,0,1,0,2,Hambantota,24 Jul 2012,ODI,Sri Lanka,3292
1,1,0,1,0,1,Colombo (RPS),28 Jul 2012,ODI,Sri Lanka,3293
3,2,1,2,0,1,Colombo (RPS),31 Jul 2012,ODI,Sri Lanka,3294
1,1,0,1,0,2,Pallekele,4 Aug 2012,ODI,Sri Lanka,3295
2,2,0,2,0,2,Pallekele,7 Aug 2012,T20I,Sri Lanka,255
1,0,1,0,0,2,Hyderabad,23 Aug 2012,Test,New Zealand,2054
0,0,0,0,0,3,Hyderabad,23 Aug 2012,Test,New Zealand,2054
0,0,0,0,0,1,Bengaluru,31 Aug 2012,Test,New Zealand,2055
3,2,1,2,0,3,Bengaluru,31 Aug 2012,Test,New Zealand,2055
0,0,0,0,0,1,Chennai,11 Sep 2012,T20I,New Zealand,261
1,1,0,1,0,2,Colombo (RPS),19 Sep 2012,T20I,Afghanistan,265
1,0,1,0,0,2,Colombo (RPS),23 Sep 2012,T20I,England,272
0,0,0,0,0,2,Colombo (RPS),28 Sep 2012,T20I,Australia,278
4,4,0,4,0,1,Colombo (RPS),30 Sep 2012,T20I,Pakistan,282
0,0,0,0,0,2,Colombo (RPS),2 Oct 2012,T20I,South Africa,286
0,0,0,0,0,2,Ahmedabad,15 Nov 2012,Test,England,2058
1,1,0,1,0,3,Ahmedabad,15 Nov 2012,Test,England,2058
2,2,0,2,0,2,Wankhede,23 Nov 2012,Test,England,2062
0,0,0,0,0,4,Wankhede,23 Nov 2012,Test,England,2062
3,3,0,3,0,2,Eden Gardens,5 Dec 2012,Test,England,2065
2,1,1,1,0,4,Eden Gardens,5 Dec 2012,Test,England,2065
1,1,0,1,0,1,Nagpur,13 Dec 2012,Test,England,2066
1,1,0,1,0,3,Nagpur,13 Dec 2012,Test,England,2066
0,0,0,0,0,1,Pune,20 Dec 2012,T20I,England,292
1,0,1,0,0,2,Wankhede,22 Dec 2012,T20I,England,294
1,1,0,1,0,2,Bengaluru,25 Dec 2012,T20I,Pakistan,296
1,0,1,0,0,2,Ahmedabad,28 Dec 2012,T20I,Pakistan,298
0,0,0,0,0,2,Chennai,30 Dec 2012,ODI,Pakistan,3314
1,0,1,0,0,1,Eden Gardens,3 Jan 2013,ODI,Pakistan,3315
2,1,1,1,0,2,Delhi,6 Jan 2013,ODI,Pakistan,3316
0,0,0,0,0,1,Rajkot,11 Jan 2013,ODI,England,3318
3,3,0,3,0,2,Kochi,15 Jan 2013,ODI,England,3320
3,3,0,3,0,1,Ranchi,19 Jan 2013,ODI,England,3322
0,0,0,0,0,1,Mohali,23 Jan 2013,ODI,England,3327
0,0,0,0,0,2,Dharamsala,27 Jan 2013,ODI,England,3329
1,0,1,0,0,1,Chennai,22 Feb 2013,Test,Australia,2074
0,0,0,0,0,3,Chennai,22 Feb 2013,Test,Australia,2074
2,2,0,2,0,1,Hyderabad,2 Mar 2013,Test,Australia,2076
1,1,0,1,0,3,Hyderabad,2 Mar 2013,Test,Australia,2076
5,3,2,3,0,1,Mohali,14 Mar 2013,Test,Australia,2081
2,2,0,2,0,3,Mohali,14 Mar 2013,Test,Australia,2081
1,0,1,0,0,1,Delhi,22 Mar 2013,Test,Australia,2085
2,1,1,1,0,3,Delhi,22 Mar 2013,Test,Australia,2085
2,2,0,2,0,2,Cardiff,6 Jun 2013,ODI,South Africa,3363
2,1,1,1,0,1,The Oval,11 Jun 2013,ODI,West Indies,3368
2,2,0,2,0,1,Birmingham,15 Jun 2013,ODI,Pakistan,3372
1,0,1,0,0,1,Cardiff,20 Jun 2013,ODI,Sri Lanka,3376
2,0,2,0,0,2,Birmingham,23 Jun 2013,ODI,England,3377
0,0,0,0,0,2,Kingston,30 Jun 2013,ODI,West Indies,3380
4,1,3,1,0,1,Port of Spain,11 Jul 2013,ODI,Sri Lanka,3388
1,1,0,1,0,1,Rajkot,10 Oct 2013,T20I,Australia,331
0,0,0,0,0,1,Pune,13 Oct 2013,ODI,Australia,3419
1,1,0,1,0,1,Jaipur,16 Oct 2013,ODI,Australia,3420
1,1,0,1,0,2,Mohali,19 Oct 2013,ODI,Australia,3421
2,1,1,1,0,1,Ranchi,23 Oct 2013,ODI,Australia,3422
0,0,0,0,0,1,Nagpur,30 Oct 2013,ODI,Australia,3424
0,0,0,0,0,2,Bengaluru,2 Nov 2013,ODI,Australia,3428
0,0,0,0,0,1,Eden Gardens,6 Nov 2013,Test,West Indies,2101
0,0,0,0,0,3,Eden Gardens,6 Nov 2013,Test,West Indies,2101
3,3,0,3,0,1,Wankhede,14 Nov 2013,Test,West Indies,2102
2,1,1,1,0,3,Wankhede,14 Nov 2013,Test,West Indies,2102
1,0,1,0,0,1,Kochi,21 Nov 2013,ODI,West Indies,3436
4,3,1,3,0,2,Visakhapatnam,24 Nov 2013,ODI,West Indies,3437
1,1,0,1,0,1,Kanpur,27 Nov 2013,ODI,West Indies,3439
0,0,0,0,0,1,Johannesburg,5 Dec 2013,ODI,South Africa,3442
2,1,1,1,0,1,Durban,8 Dec 2013,ODI,South Africa,3443
0,0,0,0,0,1,Centurion,11 Dec 2013,ODI,South Africa,3444
1,1,0,1,0,2,Johannesburg,18 Dec 2013,Test,South Africa,2108
0,0,0,0,0,4,Johannesburg,18 Dec 2013,Test,South Africa,2108
2,2,0,2,0,2,Durban,26 Dec 2013,Test,South Africa,2111
0,0,0,0,0,4,Durban,26 Dec 2013,Test,South Africa,2111
2,2,0,2,0,1,Napier,19 Jan 2014,ODI,New Zealand,3456
3,2,1,2,0,1,Hamilton,22 Jan 2014,ODI,New Zealand,3458
0,0,0,0,0,1,Auckland,25 Jan 2014,ODI,New Zealand,3462
0,0,0,0,0,2,Hamilton,28 Jan 2014,ODI,New Zealand,3465
0,0,0,0,0,1,Wellington,31 Jan 2014,ODI,New Zealand,3467
1,1,0,1,0,1,Auckland,6 Feb 2014,Test,New Zealand,2118
0,0,0,0,0,3,Auckland,6 Feb 2014,Test,New Zealand,2118
2,2,0,2,0,1,Wellington,14 Feb 2014,Test,New Zealand,2120
4,4,0,4,0,3,Wellington,14 Feb 2014,Test,New Zealand,2120
1,0,1,0,0,1,Mirpur,21 Mar 2014,T20I,Pakistan,378
1,0,1,0,0,1,Mirpur,23 Mar 2014,T20I,West Indies,382
1,0,1,0,0,1,Mirpur,28 Mar 2014,T20I,Bangladesh,389
1,1,0,1,0,2,Mirpur,30 Mar 2014,T20I,Australia,393
1,1,0,1,0,1,Mirpur,4 Apr 2014,T20I,South Africa,399
1,1,0,1,0,2,Mirpur,6 Apr 2014,T20I,Sri Lanka,400
3,3,0,3,0,2,Nottingham,9 Jul 2014,Test,England,2128
3,3,0,3,0,2,Lord's,17 Jul 2014,Test,England,2130
3,3,0,3,0,4,Lord's,17 Jul 2014,Test,England,2130
3,3,0,3,0,1,Southampton,27 Jul 2014,Test,England,2132
0,0,0,0,0,3,Southampton,27 Jul 2014,Test,England,2132
2,2,0,2,0,2,Manchester,7 Aug 2014,Test,England,2134
3,3,0,3,0,2,The Oval,15 Aug 2014,Test,England,2137
1,0,1,0,0,2,Cardiff,27 Aug 2014,ODI,England,3517
4,2,2,2,0,1,Nottingham,30 Aug 2014,ODI,England,3520
0,0,0,0,0,1,Birmingham,2 Sep 2014,ODI,England,3523
2,1,1,1,0,1,Leeds,5 Sep 2014,ODI,England,3525
0,0,0,0,0,1,Birmingham,7 Sep 2014,T20I,England,405
0,0,0,0,0,1,Kochi,8 Oct 2014,ODI,West Indies,3531
1,0,1,0,0,2,Delhi,11 Oct 2014,ODI,West Indies,3533
0,0,0,0,0,2,Dharamsala,17 Oct 2014,ODI,West Indies,3535
2,2,0,2,0,2,Brisbane,17 Dec 2014,Test,Australia,2149
3,3,0,3,0,4,Brisbane,17 Dec 2014,Test,Australia,2149
5,4,1,4,0,1,Melbourne,26 Dec 2014,Test,Australia,2152
4,4,0,4,0,3,Melbourne,26 Dec 2014,Test,Australia,2152
2,2,0,2,0,2,Melbourne,18 Jan 2015,ODI,Australia,3582
0,0,0,0,0,2,Brisbane,20 Jan 2015,ODI,England,3586
TDNF,-,-,-,-,-,Sydney,26 Jan 2015,ODI,Australia,3592
0,0,0,0,0,2,Perth,30 Jan 2015,ODI,England,3595
3,3,0,3,0,2,Adelaide,15 Feb 2015,ODI,Pakistan,3602
0,0,0,0,0,2,Melbourne,22 Feb 2015,ODI,South Africa,3610
2,2,0,2,0,1,Perth,28 Feb 2015,ODI,U.A.E.,3618
2,2,0,2,0,1,Perth,6 Mar 2015,ODI,West Indies,3625
2,2,0,2,0,1,Hamilton,10 Mar 2015,ODI,Ireland,3631
2,2,0,2,0,1,Auckland,14 Mar 2015,ODI,Zimbabwe,3636
4,4,0,4,0,2,Melbourne,19 Mar 2015,ODI,Bangladesh,3641
0,0,0,0,0,1,Sydney,26 Mar 2015,ODI,Australia,3645
0,0,0,0,0,1,Mirpur,18 Jun 2015,ODI,Bangladesh,3658
1,1,0,1,0,2,Mirpur,21 Jun 2015,ODI,Bangladesh,3660
1,1,0,1,0,2,Mirpur,24 Jun 2015,ODI,Bangladesh,3661
0,0,0,0,0,2,Dharamsala,2 Oct 2015,T20I,South Africa,456
0,0,0,0,0,2,Cuttack,5 Oct 2015,T20I,South Africa,457
2,1,1,1,0,1,Kanpur,11 Oct 2015,ODI,South Africa,3689
4,3,1,3,0,2,Indore,14 Oct 2015,ODI,South Africa,3692
1,0,1,0,0,1,Rajkot,18 Oct 2015,ODI,South Africa,3695
2,2,0,2,0,2,Chennai,22 Oct 2015,ODI,South Africa,3698
2,2,0,2,0,1,Wankhede,25 Oct 2015,ODI,South Africa,3700
0,0,0,0,0,2,Perth,12 Jan 2016,ODI,Australia,3723
0,0,0,0,0,2,Brisbane,15 Jan 2016,ODI,Australia,3724
3,2,1,2,0,2,Melbourne,17 Jan 2016,ODI,Australia,3725
0,0,0,0,0,1,Canberra,20 Jan 2016,ODI,Australia,3726
1,1,0,1,0,1,Sydney,23 Jan 2016,ODI,Australia,3727
0,0,0,0,0,2,Adelaide,26 Jan 2016,T20I,Australia,485
3,1,2,1,0,2,Melbourne,29 Jan 2016,T20I,Australia,486
1,1,0,1,0,1,Sydney,31 Jan 2016,T20I,Australia,489
0,0,0,0,0,2,Pune,9 Feb 2016,T20I,Sri Lanka,496
3,1,2,1,0,2,Ranchi,12 Feb 2016,T20I,Sri Lanka,497
2,1,1,1,0,1,Visakhapatnam,14 Feb 2016,T20I,Sri Lanka,499
2,2,0,2,0,2,Mirpur,24 Feb 2016,T20I,Bangladesh,509
2,2,0,2,0,1,Mirpur,27 Feb 2016,T20I,Pakistan,512
3,2,1,2,0,1,Mirpur,1 Mar 2016,T20I,Sri Lanka,515
0,0,0,0,0,1,Mirpur,3 Mar 2016,T20I,U.A.E.,517
0,0,0,0,0,1,Mirpur,6 Mar 2016,T20I,Bangladesh,521
2,1,1,1,0,1,Nagpur,15 Mar 2016,T20I,New Zealand,535
1,1,0,1,0,1,Eden Gardens,19 Mar 2016,T20I,Pakistan,541
2,0,2,0,0,2,Bengaluru,23 Mar 2016,T20I,Bangladesh,547
3,2,1,2,0,1,Mohali,27 Mar 2016,T20I,Australia,553
0,0,0,0,0,2,Wankhede,31 Mar 2016,T20I,West Indies,556
2,2,0,2,0,1,Harare,11 Jun 2016,ODI,Zimbabwe,3742
1,1,0,1,0,1,Harare,13 Jun 2016,ODI,Zimbabwe,3744
1,1,0,1,0,1,Harare,15 Jun 2016,ODI,Zimbabwe,3746
1,1,0,1,0,1,Harare,18 Jun 2016,T20I,Zimbabwe,558
0,0,0,0,0,1,Harare,20 Jun 2016,T20I,Zimbabwe,559
0,0,0,0,0,2,Harare,22 Jun 2016,T20I,Zimbabwe,560
0,0,0,0,0,1,Lauderhill,27 Aug 2016,T20I,West Indies,562
2,1,1,1,0,1,Lauderhill,28 Aug 2016,T20I,West Indies,563
2,2,0,2,0,1,Dharamsala,16 Oct 2016,ODI,New Zealand,3796
1,1,0,1,0,1,Delhi,20 Oct 2016,ODI,New Zealand,3797
2,0,2,0,0,1,Mohali,23 Oct 2016,ODI,New Zealand,3798
2,2,0,2,0,1,Ranchi,26 Oct 2016,ODI,New Zealand,3799
2,1,1,1,0,2,Visakhapatnam,29 Oct 2016,ODI,New Zealand,3800
2,1,1,1,0,1,Pune,15 Jan 2017,ODI,England,3819
2,1,1,1,0,2,Cuttack,19 Jan 2017,ODI,England,3821
0,0,0,0,0,1,Eden Gardens,22 Jan 2017,ODI,England,3824
0,0,0,0,0,2,Kanpur,26 Jan 2017,T20I,England,592
0,0,0,0,0,2,Nagpur,29 Jan 2017,T20I,England,593
2,1,1,1,0,2,Bengaluru,1 Feb 2017,T20I,England,594
1,1,0,1,0,2,Birmingham,4 Jun 2017,ODI,Pakistan,3878
0,0,0,0,0,2,The Oval,8 Jun 2017,ODI,Sri Lanka,3882
2,2,0,2,0,1,The Oval,11 Jun 2017,ODI,South Africa,3886
1,1,0,1,0,1,Birmingham,15 Jun 2017,ODI,Bangladesh,3891
0,0,0,0,0,1,The Oval,18 Jun 2017,ODI,Pakistan,3894
TDNF,-,-,-,-,-,Port of Spain,23 Jun 2017,ODI,West Indies,3895
3,1,2,1,0,2,Port of Spain,25 Jun 2017,ODI,West Indies,3896
1,0,1,0,0,2,North Sound,30 Jun 2017,ODI,West Indies,3898
2,2,0,2,0,1,North Sound,2 Jul 2017,ODI,West Indies,3900
2,2,0,2,0,1,Kingston,6 Jul 2017,ODI,West Indies,3902
1,1,0,1,0,2,Kingston,9 Jul 2017,T20I,West Indies,617
1,0,1,0,0,1,Dambulla,20 Aug 2017,ODI,Sri Lanka,3905
1,0,1,0,0,1,Pallekele,24 Aug 2017,ODI,Sri Lanka,3906
0,0,0,0,0,1,Pallekele,27 Aug 2017,ODI,Sri Lanka,3907
3,3,0,3,0,2,Colombo (RPS),31 Aug 2017,ODI,Sri Lanka,3908
3,2,1,2,0,1,Colombo (RPS),3 Sep 2017,ODI,Sri Lanka,3909
1,0,1,0,0,1,Colombo (RPS),6 Sep 2017,T20I,Sri Lanka,618
3,2,1,2,0,2,Chennai,17 Sep 2017,ODI,Australia,3910
2,1,1,1,0,2,Eden Gardens,21 Sep 2017,ODI,Australia,3912
1,0,1,0,0,1,Indore,24 Sep 2017,ODI,Australia,3914
0,0,0,0,0,1,Bengaluru,28 Sep 2017,ODI,Australia,3917
0,0,0,0,0,1,Nagpur,1 Oct 2017,ODI,Australia,3919
0,0,0,0,0,1,Ranchi,7 Oct 2017,T20I,Australia,623
0,0,0,0,0,2,Guwahati,10 Oct 2017,T20I,Australia,624
0,0,0,0,0,2,Wankhede,22 Oct 2017,ODI,New Zealand,3928
2,2,0,2,0,1,Pune,25 Oct 2017,ODI,New Zealand,3931
1,1,0,1,0,2,Kanpur,29 Oct 2017,ODI,New Zealand,3932
3,2,1,2,0,2,Delhi,1 Nov 2017,T20I,New Zealand,630
0,0,0,0,0,1,Rajkot,4 Nov 2017,T20I,New Zealand,631
0,0,0,0,0,2,Thiruvananthapuram,7 Nov 2017,T20I,New Zealand,632
1,1,0,1,0,2,Dharamsala,10 Dec 2017,ODI,Sri Lanka,3939
3,2,1,2,0,2,Mohali,13 Dec 2017,ODI,Sri Lanka,3941
2,1,1,1,0,1,Visakhapatnam,17 Dec 2017,ODI,Sri Lanka,3942
4,2,2,2,0,2,Cuttack,20 Dec 2017,T20I,Sri Lanka,633
2,0,2,0,0,2,Indore,22 Dec 2017,T20I,Sri Lanka,634
0,0,0,0,0,1,Wankhede,24 Dec 2017,T20I,Sri Lanka,635
0,0,0,0,0,1,Durban,1 Feb 2018,ODI,South Africa,3969
1,1,0,1,0,1,Centurion,4 Feb 2018,ODI,South Africa,3970
2,1,1,1,0,2,Cape Town,7 Feb 2018,ODI,South Africa,3971
0,0,0,0,0,2,Johannesburg,10 Feb 2018,ODI,South Africa,3973
2,1,1,1,0,2,Gqeberha,13 Feb 2018,ODI,South Africa,3976
1,1,0,1,0,1,Centurion,16 Feb 2018,ODI,South Africa,3978
1,1,0,1,0,2,Johannesburg,18 Feb 2018,T20I,South Africa,652
1,1,0,1,0,2,Centurion,21 Feb 2018,T20I,South Africa,654
0,0,0,0,0,2,Cape Town,24 Feb 2018,T20I,South Africa,655
2,0,2,0,0,2,Dublin (Malahide),27 Jun 2018,T20I,Ireland,678
2,0,2,0,0,1,Manchester,3 Jul 2018,T20I,England,684
0,0,0,0,0,2,Cardiff,6 Jul 2018,T20I,England,688
5,5,0,5,0,1,Bristol,8 Jul 2018,T20I,England,690
1,1,0,1,0,1,Nottingham,12 Jul 2018,ODI,England,4014
2,2,0,2,0,1,Lord's,14 Jul 2018,ODI,England,4016
0,0,0,0,0,2,Leeds,17 Jul 2018,ODI,England,4018
3,2,1,2,0,2,Dubai (DSC),18 Sep 2018,ODI,Hong Kong,4039
3,2,1,2,0,1,Dubai (DSC),19 Sep 2018,ODI,Pakistan,4040
1,1,0,1,0,1,Dubai (DSC),21 Sep 2018,ODI,Bangladesh,4042
1,1,0,1,0,1,Dubai (DSC),23 Sep 2018,ODI,Pakistan,4044
2,0,2,0,0,1,Dubai (DSC),25 Sep 2018,ODI,Afghanistan,4046
2,0,2,0,0,1,Dubai (DSC),28 Sep 2018,ODI,Bangladesh,4048
1,1,0,1,0,1,Guwahati,21 Oct 2018,ODI,West Indies,4056
0,0,0,0,0,2,Visakhapatnam,24 Oct 2018,ODI,West Indies,4059
3,2,1,2,0,1,Pune,27 Oct 2018,ODI,West Indies,4062
1,0,1,0,0,2,Brabourne,29 Oct 2018,ODI,West Indies,4063
1,1,0,1,0,1,Thiruvananthapuram,1 Nov 2018,ODI,West Indies,4064
0,0,0,0,0,1,Sydney,12 Jan 2019,ODI,Australia,4077
2,1,1,1,0,1,Adelaide,15 Jan 2019,ODI,Australia,4078
1,0,1,0,0,1,Melbourne,18 Jan 2019,ODI,Australia,4079
1,0,1,0,0,1,Napier,23 Jan 2019,ODI,New Zealand,4082
1,0,1,0,0,2,Mount Maunganui,26 Jan 2019,ODI,New Zealand,4085
0,0,0,0,0,2,Wellington,3 Feb 2019,ODI,New Zealand,4092
0,0,0,0,0,1,Wellington,6 Feb 2019,T20I,New Zealand,735
1,1,0,1,0,1,Auckland,8 Feb 2019,T20I,New Zealand,737
2,1,1,1,0,1,Hamilton,10 Feb 2019,T20I,New Zealand,738
1,1,0,1,0,2,Visakhapatnam,24 Feb 2019,T20I,Australia,748
0,0,0,0,0,2,Bengaluru,27 Feb 2019,T20I,Australia,749
2,1,1,1,0,1,Hyderabad,2 Mar 2019,ODI,Australia,4102
2,2,0,2,0,2,Nagpur,5 Mar 2019,ODI,Australia,4106
0,0,0,0,0,1,Ranchi,8 Mar 2019,ODI,Australia,4109
1,0,1,0,0,1,Southampton,5 Jun 2019,ODI,South Africa,4150
1,1,0,1,0,2,The Oval,9 Jun 2019,ODI,Australia,4155
0,0,0,0,0,2,Manchester,16 Jun 2019,ODI,Pakistan,4161
1,0,1,0,0,2,Southampton,22 Jun 2019,ODI,Afghanistan,4169
1,1,0,1,0,2,Manchester,27 Jun 2019,ODI,West Indies,4175
0,0,0,0,0,1,Birmingham,30 Jun 2019,ODI,England,4179
1,1,0,1,0,2,Birmingham,2 Jul 2019,ODI,Bangladesh,4182
4,3,1,3,0,1,Leeds,6 Jul 2019,ODI,Sri Lanka,4187
1,1,0,1,0,1,Manchester,9 Jul 2019,ODI,New Zealand,4190
